"RelativePath","Algorithm","Hash"
"UGAT_FRAP_TRANSYT协同_雄安20路口工程\model\frap_adapter.pt","SHA256","C2E90E084B007CF1F46EBCAD2B098A0CD4747A2B8825BE19205194B85B34B221"
"UGAT_FRAP_TRANSYT协同_雄安20路口工程\model\frozen_ugat_4x4.pt","SHA256","42D7F1D0F9968E48C01740AEBD814BBF5358DF25F815924C754A6F9BFF51F975"
"UGAT_FRAP_TRANSYT协同_雄安20路口工程\data\xiong_an_20\manifest.json","SHA256","61C6E9758C74A75B447A53BF6C19D08E8768C64AAF958194156010DCCFF9ED77"
"UGAT_FRAP_TRANSYT协同_雄安20路口工程\src\__init__.py","SHA256","DE574CDD5EE4514E67A38407A13A58625668F14E17661B8182A2FE97A26A89C9"
"UGAT_FRAP_TRANSYT协同_雄安20路口工程\src\algorithms.py","SHA256","3102676BC7B5352CFEB93C6D2A5D7712729FC96519DAF89A2A3B4565F8B82768"
"UGAT_FRAP_TRANSYT协同_雄安20路口工程\src\build_report.py","SHA256","761C788182D207A891200BEDDDA77F74EA3B574577D7C32E814DDFB307DC9B8F"
"UGAT_FRAP_TRANSYT协同_雄安20路口工程\src\build_xiong_an_20.py","SHA256","68387F187BED80CD3E77AC2F10810601C39E8A446E215736F137DBB9D32664AF"
"UGAT_FRAP_TRANSYT协同_雄安20路口工程\src\check_cityflow.py","SHA256","E82E39FAD5D97D2BF6F72D30984A7D916FC7DB9B3A520D0F8847892687BFD96E"
"UGAT_FRAP_TRANSYT协同_雄安20路口工程\src\dashboard.py","SHA256","D9BB606AA737B8FB904938C5F7FC4413384E3D999AF0B738856C1CAAD40161EB"
"UGAT_FRAP_TRANSYT协同_雄安20路口工程\src\run_cityflow.py","SHA256","0E6721AAEC9E7E4D896BCE93409D660C690FB1056841515E9B13C07CD042766C"
"UGAT_FRAP_TRANSYT协同_雄安20路口工程\src\show_live.py","SHA256","8748E9694AF6420F360BCAD26660B98454057F11892C2E2FF0E503E0C3C7818B"
"UGAT_FRAP_TRANSYT协同_雄安20路口工程\src\show_results.py","SHA256","1956D6234BBDD13A0EECB7A17D7E292A4F95F517523A0AC49756106FC74735A8"
"UGAT_FRAP_TRANSYT协同_雄安20路口工程\src\train_adapter.py","SHA256","F9EA9EE2FE7EEF521C97CC757B705E81DF456221E13E3CEED0B16D233CEAA863"
"UGAT_FRAP_TRANSYT协同_雄安20路口工程\src\ugat_frap.py","SHA256","4EAA33D35FC95381BAF8128F6D09987FC0A78A3B4050C836797031FED0417FB1"
"UGAT_FRAP_TRANSYT协同_雄安20路口工程\src\validate_scenario.py","SHA256","531338B2D0D3642DC8523BDB8C73087DFC0CD2A4A6DE549FFD5CFACA99637A23"
