timestamp,policy,test_steps,seed,beta,alpha,travel_time,throughput,queue,delay_ratio_apx,rewards,decisions,ugat_agreement_rate,cmp_ugat_score_mse,cmp_ugat_normalized_score_mse,mean_selected_phase_pressure,mean_upstream_speed_ratio,mean_downstream_speed_ratio,adapter_decisions,adapter_uncertain_decisions,adapter_overrides,adapter_downstream_vetoes
2026-08-16T04:21:11,cmp_frap,100,4444,0.6,0.6,37.81042654028436,97.0,5.119999885559082,0.22709177434444427,-35.52000045776367,9.0,0.5777777777777777,4528027.572265625,0.16508566393620439,30.849507207671802,0.23651986506041225,0.2211649573433002,50,7,0,
2026-08-16T04:22:56,cmp_frap,9000,4444,0.6,0.6,1019.0248733302626,2171.0,8.264222145080566,0.14652371406555176,-66.45194244384766,899.0,0.44493882091212467,3494956.0326472507,0.3908270186392406,15.522972997383226,0.03924282415985332,0.06528568055682557,4500,2627,0,
2026-08-16T04:24:45,cmp_frap,9000,4444,0.6,0.6,1150.4836480884385,2171.0,8.85022258758545,0.15042650699615479,-70.81749725341797,899.0,0.44582869855394885,3659499.0158507423,0.388263103285152,16.332058623791134,0.03976297559078779,0.06543251058502324,4500,2542,89,
2026-08-16T04:26:43,cmp_frap,9000,4444,0.6,0.6,1021.4619990787655,2171.0,8.32800006866455,0.14584743976593018,-66.94255828857422,899.0,0.4480533926585095,3473159.184035844,0.38452509280920416,15.74069613285603,0.04065499593282597,0.06696204450596074,4500,2606,22,
2026-08-16T04:28:42,cmp_frap,9000,4444,0.6,0.6,988.3173652694611,2171.0,8.360221862792969,0.14356139302253723,-67.40283203125,899.0,0.44249165739710794,3535151.5008546486,0.38600649311114765,15.897254685218945,0.03837220289918437,0.06506925905814995,4500,2633,38,
2026-08-16T04:30:40,cmp_frap,9000,4444,0.6,0.6,1027.7724550898204,2171.0,8.360666275024414,0.14429084956645966,-67.56831359863281,899.0,0.44671857619577315,3491458.4402353736,0.3868365397966181,15.63870555597831,0.03825393672082621,0.06416258862981243,4500,2617,26,
2026-08-16T04:37:20,cmp_frap,9000,4444,0.6,0.6,988.3173652694611,2171.0,8.360221862792969,0.14356139302253723,-67.40283203125,899.0,0.44249165739710794,3535151.5008546486,0.38600649311114765,15.897254685218945,0.03837220289918437,0.06506925905814995,4500,2633,38,
2026-08-16T04:39:17,cmp_frap,9000,4444,0.6,0.6,1053.3205895900508,2171.0,8.542222023010254,0.14735780656337738,-69.09339141845703,899.0,0.4547274749721913,3321032.8784402916,0.3839324166964647,15.252844513540424,0.03757516580937391,0.06315257267671953,4500,2496,16,
2026-08-16T04:41:17,cmp_frap,9000,4444,0.6,0.6,1019.0248733302626,2171.0,8.264222145080566,0.14652371406555176,-66.45194244384766,899.0,0.44493882091212467,3494956.0326472507,0.3908270186392406,15.522972997383226,0.03924282415985332,0.06528568055682557,4500,2627,0,
2026-08-16T04:43:24,cmp_frap,9000,4444,0.6,0.6,1019.0248733302626,2171.0,8.264222145080566,0.14652371406555176,-66.45194244384766,899.0,0.44493882091212467,3494956.0326472507,0.3908270186392406,15.522972997383226,0.03924282415985332,0.06528568055682557,4500,2627,0,
2026-08-16T04:45:32,cmp_frap,9000,4444,0.6,0.6,1019.0248733302626,2171.0,8.264222145080566,0.14652371406555176,-66.45194244384766,899.0,0.44493882091212467,3494956.0326472507,0.3908270186392406,15.522972997383226,0.03924282415985332,0.06528568055682557,4500,2627,0,
2026-08-16T04:47:18,cmp_frap,9000,4444,0.6,0.6,988.3173652694611,2171.0,8.360221862792969,0.14356139302253723,-67.40283203125,899.0,0.44249165739710794,3535151.5008546486,0.38600649311114765,15.897254685218945,0.03837220289918437,0.06506925905814995,4500,2633,38,
2026-08-16T04:49:08,cmp_frap,9000,4444,0.6,0.6,1053.3205895900508,2171.0,8.542222023010254,0.14735780656337738,-69.09339141845703,899.0,0.4547274749721913,3321032.8784402916,0.3839324166964647,15.252844513540424,0.03757516580937391,0.06315257267671953,4500,2496,16,
2026-08-16T04:51:07,cmp_frap,9000,4444,0.6,0.6,1019.0248733302626,2171.0,8.264222145080566,0.14652371406555176,-66.45194244384766,899.0,0.44493882091212467,3494956.0326472507,0.3908270186392406,15.522972997383226,0.03924282415985332,0.06528568055682557,4500,2627,0,
2026-08-16T04:53:15,cmp_frap,9000,4444,0.6,0.6,1019.0248733302626,2171.0,8.264222145080566,0.14652371406555176,-66.45194244384766,899.0,0.44493882091212467,3494956.0326472507,0.3908270186392406,15.522972997383226,0.03924282415985332,0.06528568055682557,4500,2627,0,
2026-08-16T05:36:01,cmp_frap,9000,4444,0.6,0.6,1019.0248733302626,2171.0,8.264222145080566,0.14652371406555176,-66.45194244384766,899.0,0.44493882091212467,3494956.0326472507,0.3908270186392406,15.522972997383226,0.03924282415985332,0.06528568055682557,4500,2627,0,
2026-08-16T05:37:23,cmp_frap,9000,4444,0.6,0.6,988.3173652694611,2171.0,8.360221862792969,0.14356139302253723,-67.40283203125,899.0,0.44249165739710794,3535151.5008546486,0.38600649311114765,15.897254685218945,0.03837220289918437,0.06506925905814995,4500,2633,38,
2026-08-16T05:39:11,cmp_frap,9000,4444,0.6,0.6,1053.3205895900508,2171.0,8.542222023010254,0.14735780656337738,-69.09339141845703,899.0,0.4547274749721913,3321032.8784402916,0.3839324166964647,15.252844513540424,0.03757516580937391,0.06315257267671953,4500,2496,16,
2026-08-16T05:41:13,cmp_frap,9000,4444,0.6,0.6,1019.0248733302626,2171.0,8.264222145080566,0.14652371406555176,-66.45194244384766,899.0,0.44493882091212467,3494956.0326472507,0.3908270186392406,15.522972997383226,0.03924282415985332,0.06528568055682557,4500,2627,0,
2026-08-16T05:43:13,cmp_frap,9000,4444,0.6,0.6,1019.0248733302626,2171.0,8.264222145080566,0.14652371406555176,-66.45194244384766,899.0,0.44493882091212467,3494956.0326472507,0.3908270186392406,15.522972997383226,0.03924282415985332,0.06528568055682557,4500,2627,0,
2026-08-16T05:45:19,cmp_frap,9000,4444,0.6,0.6,1019.0248733302626,2171.0,8.264222145080566,0.14652371406555176,-66.45194244384766,899.0,0.44493882091212467,3494956.0326472507,0.3908270186392406,15.522972997383226,0.03924282415985332,0.06528568055682557,4500,2627,0,
2026-08-16T05:46:28,cmp_frap,9000,4444,0.6,0.6,988.3173652694611,2171.0,8.360221862792969,0.14356139302253723,-67.40283203125,899.0,0.44249165739710794,3535151.5008546486,0.38600649311114765,15.897254685218945,0.03837220289918437,0.06506925905814995,4500,2633,38,
2026-08-16T05:48:13,cmp_frap,9000,4444,0.6,0.6,1053.3205895900508,2171.0,8.542222023010254,0.14735780656337738,-69.09339141845703,899.0,0.4547274749721913,3321032.8784402916,0.3839324166964647,15.252844513540424,0.03757516580937391,0.06315257267671953,4500,2496,16,
2026-08-16T05:50:18,cmp_frap,9000,4444,0.6,0.6,1019.0248733302626,2171.0,8.264222145080566,0.14652371406555176,-66.45194244384766,899.0,0.44493882091212467,3494956.0326472507,0.3908270186392406,15.522972997383226,0.03924282415985332,0.06528568055682557,4500,2627,0,
2026-08-16T05:52:23,cmp_frap,9000,4444,0.6,0.6,1019.0248733302626,2171.0,8.264222145080566,0.14652371406555176,-66.45194244384766,899.0,0.44493882091212467,3494956.0326472507,0.3908270186392406,15.522972997383226,0.03924282415985332,0.06528568055682557,4500,2627,0,
2026-08-16T05:54:31,cmp_frap,9000,4444,0.6,0.6,1019.0248733302626,2171.0,8.264222145080566,0.14652371406555176,-66.45194244384766,899.0,0.44493882091212467,3494956.0326472507,0.3908270186392406,15.522972997383226,0.03924282415985332,0.06528568055682557,4500,2627,0,
2026-08-16T05:58:09,cmp_frap,9000,4444,0.6,0.6,1019.0248733302626,2171.0,8.264222145080566,0.14652371406555176,-66.45194244384766,899.0,0.44493882091212467,3494956.0326472507,0.3908270186392406,15.522972997383226,0.03924282415985332,0.06528568055682557,4500,2627,0,
2026-08-16T05:59:02,cmp_frap,9000,4444,0.6,0.6,1019.0248733302626,2171.0,8.264222145080566,0.14652371406555176,-66.45194244384766,899.0,0.44493882091212467,3494956.0326472507,0.3908270186392406,15.522972997383226,0.03924282415985332,0.06528568055682557,4500,2627,0,
2026-08-16T05:59:54,cmp_frap,9000,4444,0.6,0.6,1019.0248733302626,2171.0,8.264222145080566,0.14652371406555176,-66.45194244384766,899.0,0.44493882091212467,3494956.0326472507,0.3908270186392406,15.522972997383226,0.03924282415985332,0.06528568055682557,4500,2627,0,
2026-08-16T06:07:15,cmp_frap,9000,4444,0.6,0.6,1019.0248733302626,2171.0,8.264222145080566,0.14652371406555176,-66.45194244384766,899.0,0.44493882091212467,3494956.0326472507,0.3908270186392406,15.522972997383226,0.03924282415985332,0.06528568055682557,4500,2627,0,0
2026-08-16T06:08:46,cmp_frap,9000,4444,0.6,0.6,1019.0248733302626,2171.0,8.264222145080566,0.14652371406555176,-66.45194244384766,899.0,0.44493882091212467,3494956.0326472507,0.3908270186392406,15.522972997383226,0.03924282415985332,0.06528568055682557,4500,2627,0,0
2026-08-16T07:45:43,cmp_frap,9000,4444,0.6,0.6,1019.0248733302626,2171.0,8.264222145080566,0.14652371406555176,-66.45194244384766,899.0,0.44493882091212467,3494956.0326472507,0.3908270186392406,15.522972997383226,0.03924282415985332,0.06528568055682557,4500,2627,0,0
2026-08-16T07:47:31,cmp_frap,9000,4444,0.6,0.6,1312.9479502533395,2147.0,21.071332931518555,0.3606553077697754,-166.49417114257812,899.0,0.5764182424916574,2049713.5925267711,0.40070778491491277,17.605522917980814,0.03911837885465719,0.06385800005335676,4500,1444,649,10
2026-08-16T07:57:10,cmp_frap,100,4444,0.6,0.6,37.81042654028436,97.0,5.119999885559082,0.22709177434444427,-35.52000045776367,9.0,0.5777777777777777,4528027.572265625,0.16508566393620439,30.849507207671802,0.23651986506041225,0.2211649573433002,50,7,0,0
2026-08-16T07:59:50,cmp_frap,9000,4444,0.6,0.6,1019.0248733302626,2171.0,8.264222145080566,0.14652371406555176,-66.45194244384766,899.0,0.44493882091212467,3494956.0326472507,0.3908270186392406,15.522972997383226,0.03924282415985332,0.06528568055682557,4500,2627,0,0
2026-08-16T08:01:30,cmp_frap,9000,4444,0.6,0.6,1019.0248733302626,2171.0,8.264222145080566,0.14652371406555176,-66.45194244384766,899.0,0.44493882091212467,3494956.0326472507,0.3908270186392406,15.522972997383226,0.03924282415985332,0.06528568055682557,4500,2627,0,0
2026-08-16T08:03:28,cmp_frap,9000,4444,0.6,0.6,1037.8945186549977,2171.0,8.14799976348877,0.14219409227371216,-65.1207275390625,899.0,0.43893214682981097,3560000.470082067,0.39428769089364435,15.741896820058411,0.04061208558619104,0.06804475050457051,4500,2616,3,0
2026-08-16T08:05:37,cmp_frap,9000,4444,0.6,0.6,1037.8945186549977,2171.0,8.14799976348877,0.14219409227371216,-65.1207275390625,899.0,0.43893214682981097,3560000.470082067,0.39428769089364435,15.741896820058411,0.04061208558619104,0.06804475050457051,4500,2616,3,0
2026-08-16T08:07:38,cmp_frap,9000,4444,0.6,0.6,1019.0248733302626,2171.0,8.264222145080566,0.14652371406555176,-66.45194244384766,899.0,0.44493882091212467,3494956.0326472507,0.3908270186392406,15.522972997383226,0.03924282415985332,0.06528568055682557,4500,2627,0,0
2026-08-16T08:08:53,cmp_frap,9000,4444,0.6,0.6,1019.0248733302626,2171.0,8.264222145080566,0.14652371406555176,-66.45194244384766,899.0,0.44493882091212467,3494956.0326472507,0.3908270186392406,15.522972997383226,0.03924282415985332,0.06528568055682557,4500,2627,0,0
2026-08-16T08:10:40,cmp_frap,9000,4444,0.6,0.6,1019.0248733302626,2171.0,8.264222145080566,0.14652371406555176,-66.45194244384766,899.0,0.44493882091212467,3494956.0326472507,0.3908270186392406,15.522972997383226,0.03924282415985332,0.06528568055682557,4500,2627,0,0
2026-08-16T08:12:40,cmp_frap,9000,4444,0.6,0.6,1037.8945186549977,2171.0,8.14799976348877,0.14219409227371216,-65.1207275390625,899.0,0.43893214682981097,3560000.470082067,0.39428769089364435,15.741896820058411,0.04061208558619104,0.06804475050457051,4500,2616,3,0
2026-08-16T08:14:39,cmp_frap,9000,4444,0.6,0.6,1037.8945186549977,2171.0,8.14799976348877,0.14219409227371216,-65.1207275390625,899.0,0.43893214682981097,3560000.470082067,0.39428769089364435,15.741896820058411,0.04061208558619104,0.06804475050457051,4500,2616,3,0
2026-08-16T08:16:48,cmp_frap,9000,4444,0.6,0.6,1019.0248733302626,2171.0,8.264222145080566,0.14652371406555176,-66.45194244384766,899.0,0.44493882091212467,3494956.0326472507,0.3908270186392406,15.522972997383226,0.03924282415985332,0.06528568055682557,4500,2627,0,0
2026-08-16T08:19:06,cmp_frap,100,4444,0.6,0.6,37.81042654028436,97.0,5.119999885559082,0.22709177434444427,-35.52000045776367,9.0,0.5777777777777777,4528027.572265625,0.16508566393620439,30.849507207671802,0.23651986506041225,0.2211649573433002,50,7,0,0
2026-08-16T08:21:16,cmp_frap,9000,4444,0.6,0.6,1019.0248733302626,2171.0,8.264222145080566,0.14652371406555176,-66.45194244384766,899.0,0.44493882091212467,3494956.0326472507,0.3908270186392406,15.522972997383226,0.03924282415985332,0.06528568055682557,4500,2627,0,0
2026-08-16T08:23:02,cmp_frap,9000,4444,0.6,0.6,1019.0248733302626,2171.0,8.264222145080566,0.14652371406555176,-66.45194244384766,899.0,0.44493882091212467,3494956.0326472507,0.3908270186392406,15.522972997383226,0.03924282415985332,0.06528568055682557,4500,2627,0,0
2026-08-16T08:25:03,cmp_frap,9000,4444,0.6,0.6,1019.0248733302626,2171.0,8.264222145080566,0.14652371406555176,-66.45194244384766,899.0,0.44493882091212467,3494956.0326472507,0.3908270186392406,15.522972997383226,0.03924282415985332,0.06528568055682557,4500,2627,0,0
2026-08-16T09:21:52,cmp_frap,9000,4444,0.6,0.6,1019.0248733302626,2171.0,8.264222145080566,0.14652371406555176,-66.45194244384766,899.0,0.44493882091212467,3494956.0326472507,0.3908270186392406,15.522972997383226,0.03924282415985332,0.06528568055682557,4500,2627,0,0
2026-08-16T09:23:41,cmp_frap,9000,4444,0.6,0.6,1019.0248733302626,2171.0,8.264222145080566,0.14652371406555176,-66.45194244384766,899.0,0.44493882091212467,3494956.0326472507,0.3908270186392406,15.522972997383226,0.03924282415985332,0.06528568055682557,4500,2627,0,0
2026-08-16T09:28:14,cmp_frap,100,4444,0.6,0.6,39.07109004739336,94.0,5.880000114440918,0.24645653367042542,-41.26499938964844,9.0,0.6444444444444445,4526484.626822917,0.16492996054391068,30.93481582866775,0.22411750840074013,0.19161588861688972,50,8,7,0
2026-08-16T09:30:20,cmp_frap,9000,4444,0.6,0.6,4980.700598802395,1041.0,49.28266525268555,0.7203438878059387,-427.3838195800781,899.0,0.4137931034482759,5257102.117276901,0.3441097345694203,68.60471701835995,0.014748293078852028,0.021298378334272085,4500,50,49,0
2026-08-16T09:36:39,cmp_frap,100,4444,0.6,0.6,37.81042654028436,97.0,5.119999885559082,0.22709177434444427,-35.52000045776367,9.0,0.5777777777777777,4528027.572265625,0.16508566393620439,30.849507207671802,0.23651986506041225,0.2211649573433002,50,0,0,0
2026-08-16T09:36:57,cmp,100,4444,0.6,0.6,37.81042654028436,97.0,5.119999885559082,0.22709177434444427,-35.52000045776367,9.0,0.5777777777777777,4528027.572265625,0.16508566393620439,30.849507207671802,0.23651986506041225,0.2211649573433002,0,0,0,0
2026-08-16T09:37:35,cmp_frap,9000,4444,0.6,0.6,1019.0248733302626,2171.0,8.264222145080566,0.14652371406555176,-66.45194244384766,899.0,0.44493882091212467,3494956.0326472507,0.3908270186392406,15.522972997383226,0.03924282415985332,0.06528568055682557,4500,0,0,0
2026-08-16T09:51:20,cmp_frap,9000,4444,0.6,0.6,1019.0248733302626,2171.0,8.264222145080566,0.14652371406555176,-66.45194244384766,899.0,0.44493882091212467,3494956.0326472507,0.3908270186392406,15.522972997383226,0.03924282415985332,0.06528568055682557,4500,0,0,0
2026-08-16T09:53:14,cmp_frap,9000,4444,0.6,0.6,1005.2418240442192,2171.0,8.46311092376709,0.14940688014030457,-68.45172119140625,899.0,0.4456062291434928,1526136.9436530499,0.42751184186325286,15.246968181393171,0.037650311985839936,0.06270193943684635,4500,2351,2347,0
2026-08-16T09:55:19,cmp_frap,9000,4444,0.6,0.6,1002.8180561953017,2171.0,8.313555717468262,0.14710286259651184,-66.81201171875,899.0,0.4529477196885428,1489568.1203854706,0.4213725540360168,14.943199578714916,0.03802752118393314,0.0633798502691548,4500,2367,2363,0
2026-08-16T09:56:23,cmp_frap,9000,4444,0.6,0.6,1002.8180561953017,2171.0,8.313555717468262,0.14710286259651184,-66.81201171875,899.0,0.4529477196885428,1489568.1203854706,0.4213725540360168,14.943199578714916,0.03802752118393314,0.0633798502691548,4500,2367,2363,0
2026-08-16T09:58:15,cmp_frap,9000,4444,0.6,0.6,1007.0888991248273,2171.0,8.400888442993164,0.1481722891330719,-67.81449890136719,899.0,0.446496106785317,1452079.887173221,0.4307205870351508,14.9916500666503,0.03778256589649077,0.06258780799688977,4500,2374,2370,0
2026-08-16T10:00:23,cmp_frap,9000,4444,0.6,0.6,1004.8258866881621,2171.0,8.328444480895996,0.14691410958766937,-67.2530517578125,899.0,0.44404894327030037,1454405.544899199,0.4319656187055158,14.96250207590911,0.03821018227894405,0.06272973256302855,4500,2384,2380,0
2026-08-16T10:01:26,cmp_frap,9000,4444,0.6,0.6,1002.8180561953017,2171.0,8.313555717468262,0.14710286259651184,-66.81201171875,899.0,0.4529477196885428,1489568.1203854706,0.4213725540360168,14.943199578714916,0.03802752118393314,0.0633798502691548,4500,2367,2363,0
2026-08-16T10:03:25,cmp_frap,9000,4444,0.6,0.6,1017.1750345462921,2171.0,8.382222175598145,0.1478823721408844,-67.6166000366211,899.0,0.4456062291434928,1466424.4074761346,0.4299264611098791,15.104355991621802,0.038597387112876635,0.06323904954103747,4500,2361,2357,0
2026-08-16T10:05:31,cmp_frap,9000,4444,0.6,0.6,1004.8258866881621,2171.0,8.328444480895996,0.14691410958766937,-67.2530517578125,899.0,0.44404894327030037,1454405.544899199,0.4319656187055158,14.96250207590911,0.03821018227894405,0.06272973256302855,4500,2384,2380,0
2026-08-16T10:41:19,cmp_frap,9000,4444,0.6,0.6,1019.0248733302626,2171.0,8.264222145080566,0.14652371406555176,-66.45194244384766,899.0,0.44493882091212467,3494956.0326472507,0.3908270186392406,15.522972997383226,0.03924282415985332,0.06528568055682557,4500,0,0,0
2026-08-16T10:43:05,cmp_frap,9000,4444,0.6,0.6,1011.8825426070935,2171.0,8.429778099060059,0.14830635488033295,-67.69783782958984,899.0,0.44849833147942153,1501865.974883334,0.4244240009906527,15.143100946244925,0.03797466374864532,0.06326520015831416,4500,2352,2348,0
2026-08-16T10:45:11,cmp_frap,9000,4444,0.6,0.6,1011.8825426070935,2171.0,8.429778099060059,0.14830635488033295,-67.69783782958984,899.0,0.44849833147942153,1501865.974883334,0.4244240009906527,15.143100946244925,0.03797466374864532,0.06326520015831416,4500,2352,2348,0
2026-08-16T10:46:47,cmp_frap,9000,4444,0.6,0.6,1011.8825426070935,2171.0,8.429778099060059,0.14830635488033295,-67.69783782958984,899.0,0.44849833147942153,1501865.974883334,0.4244240009906527,15.143100946244925,0.03797466374864532,0.06326520015831416,4500,2352,2348,0
2026-08-16T10:50:41,cmp_frap,9000,4444,0.6,0.6,1019.0248733302626,2171.0,8.264222145080566,0.14652371406555176,-66.45194244384766,899.0,0.44493882091212467,3494956.0326472507,0.3908270186392406,15.522972997383226,0.03924282415985332,0.06528568055682557,4500,0,0,0
2026-08-16T10:51:27,cmp_frap,9000,4444,0.6,0.6,1019.0248733302626,2171.0,8.264222145080566,0.14652371406555176,-66.45194244384766,899.0,0.44493882091212467,3494956.0326472507,0.3908270186392406,15.522972997383226,0.03924282415985332,0.06528568055682557,4500,0,0,0
2026-08-16T10:52:01,cmp_frap,9000,4444,0.6,0.6,1019.0248733302626,2171.0,8.264222145080566,0.14652371406555176,-66.45194244384766,899.0,0.44493882091212467,3494956.0326472507,0.3908270186392406,15.522972997383226,0.03924282415985332,0.06528568055682557,4500,0,0,0
2026-08-16T10:52:43,cmp_frap,9000,4444,0.6,0.6,1019.0248733302626,2171.0,8.264222145080566,0.14652371406555176,-66.45194244384766,899.0,0.44493882091212467,3494956.0326472507,0.3908270186392406,15.522972997383226,0.03924282415985332,0.06528568055682557,4500,0,0,0
2026-08-16T11:04:46,cmp_frap,100,4444,0.6,0.6,37.81042654028436,97.0,5.119999885559082,0.22709177434444427,-35.52000045776367,9.0,0.5777777777777777,4528027.572265625,0.16508566393620439,30.849507207671802,0.23651986506041225,0.2211649573433002,50,0,0,0
2026-08-16T11:08:27,cmp_frap,100,4444,0.6,0.6,37.81042654028436,97.0,5.119999885559082,0.22709177434444427,-35.52000045776367,9.0,0.5777777777777777,4528027.572265625,0.16508566393620439,30.849507207671802,0.23651986506041225,0.2211649573433002,50,0,0,0
2026-08-16T11:49:01,cmp_frap,9000,4444,0.6,0.6,1019.0248733302626,2171.0,8.264222145080566,0.14652371406555176,-66.45194244384766,899.0,0.44493882091212467,3494956.0326472507,0.3908270186392406,15.522972997383226,0.03924282415985332,0.06528568055682557,4500,0,0,0
2026-08-16T11:51:11,cmp_frap,9000,4444,0.6,0.6,1019.0248733302626,2171.0,8.264222145080566,0.14652371406555176,-66.45194244384766,899.0,0.44493882091212467,3494956.0326472507,0.3908270186392406,15.522972997383226,0.03924282415985332,0.06528568055682557,4500,0,0,0
2026-08-16T11:53:39,cmp_frap,9000,4444,0.6,0.6,1019.0248733302626,2171.0,8.264222145080566,0.14652371406555176,-66.45194244384766,899.0,0.44493882091212467,3494956.0326472507,0.3908270186392406,15.522972997383226,0.03924282415985332,0.06528568055682557,4500,0,0,0
2026-08-16T12:20:31,cmp_frap,9000,4444,0.6,0.6,1019.0248733302626,2171.0,8.264222145080566,0.14652371406555176,-66.45194244384766,899.0,0.44493882091212467,3494956.0326472507,0.3908270186392406,15.522972997383226,0.03924282415985332,0.06528568055682557,4500,0,0,0
2026-08-16T12:23:16,cmp_frap,9000,4444,0.6,0.6,1019.0248733302626,2171.0,8.264222145080566,0.14652371406555176,-66.45194244384766,899.0,0.44493882091212467,3494956.0326472507,0.3908270186392406,15.522972997383226,0.03924282415985332,0.06528568055682557,4500,0,0,0
2026-08-16T12:26:34,cmp_frap,9000,4444,0.6,0.6,1019.2966374942423,2171.0,8.29022216796875,0.14697439968585968,-66.65272521972656,899.0,0.44516129032258067,3495321.282744424,0.3908036999480055,15.51434448727793,0.03906271250689902,0.06522070712338543,4500,2,2,0
2026-08-16T12:27:38,cmp_frap,9000,4444,0.6,0.6,1019.0248733302626,2171.0,8.264222145080566,0.14652371406555176,-66.45194244384766,899.0,0.44493882091212467,3494956.0326472507,0.3908270186392406,15.522972997383226,0.03924282415985332,0.06528568055682557,4500,0,0,0
2026-08-16T12:30:47,cmp_frap,9000,4444,0.6,0.6,1022.5651773376325,2171.0,8.304444313049316,0.14771363139152527,-66.77642822265625,899.0,0.4444938820912124,3500540.878729309,0.39125655735827347,15.520278845343313,0.03959876678300066,0.06596871608764385,4500,1,1,0
2026-08-16T12:34:37,cmp_frap,9000,4444,0.6,0.6,1019.0248733302626,2171.0,8.264222145080566,0.14652371406555176,-66.45194244384766,899.0,0.44493882091212467,3494956.0326472507,0.3908270186392406,15.522972997383226,0.03924282415985332,0.06528568055682557,4500,0,0,0
2026-08-16T12:35:45,cmp_frap,9000,4444,0.6,0.6,1019.0248733302626,2171.0,8.264222145080566,0.14652371406555176,-66.45194244384766,899.0,0.44493882091212467,3494956.0326472507,0.3908270186392406,15.522972997383226,0.03924282415985332,0.06528568055682557,4500,0,0,0
2026-08-16T12:38:46,cmp_frap,9000,4444,0.6,0.6,1021.7936434822662,2171.0,8.292888641357422,0.14779910445213318,-66.68115234375,899.0,0.44516129032258067,3483632.2693161876,0.39125028607073975,15.498720516252837,0.0395166710953468,0.06558518793124062,4500,1,1,0
2026-08-16T12:41:52,cmp_frap,9000,4444,0.6,0.6,1019.0248733302626,2171.0,8.264222145080566,0.14652371406555176,-66.45194244384766,899.0,0.44493882091212467,3494956.0326472507,0.3908270186392406,15.522972997383226,0.03924282415985332,0.06528568055682557,4500,0,0,0
2026-08-16T12:47:51,cmp_legacy_adapter,9000,4444,0.6,0.6,1821.5274067250116,2099.0,22.1646671295166,0.31602251529693604,-175.90306091308594,899.0,0.4402669632925472,1949310.8270949114,0.38121954979866046,22.255989903508087,0.03772762707818547,0.06151719198799127,4500,800,649,0
2026-08-16T12:48:29,cmp_legacy_adapter,9000,4444,0.6,0.6,1008.7885766927683,2171.0,8.200666427612305,0.1450585126876831,-65.94915771484375,899.0,0.44338153503893213,3482102.254722424,0.3936493706315532,15.239396928396735,0.039296800930957075,0.0646559088687692,4500,2632,4,0
2026-08-16T12:51:36,cmp_legacy_adapter,9000,4444,0.6,0.6,1008.7885766927683,2171.0,8.200666427612305,0.1450585126876831,-65.94915771484375,899.0,0.44338153503893213,3482102.254722424,0.3936493706315532,15.239396928396735,0.039296800930957075,0.0646559088687692,4500,2632,4,0
2026-08-16T13:01:36,cmp_legacy_adapter,100,4444,0.6,0.6,37.81042654028436,97.0,5.119999885559082,0.22709177434444427,-35.52000045776367,9.0,0.5777777777777777,4528027.572265625,0.16508566393620439,30.849507207671802,0.23651986506041225,0.2211649573433002,50,7,0,0
2026-08-16T13:04:50,cmp_legacy_adapter,9000,4444,0.6,0.6,1008.7885766927683,2171.0,8.200666427612305,0.1450585126876831,-65.94915771484375,899.0,0.44338153503893213,3482102.254722424,0.3936493706315532,15.239396928396735,0.039296800930957075,0.0646559088687692,4500,2632,4,0
2026-08-16T13:10:06,cmp_legacy_adapter,9000,4444,0.6,0.6,1008.7885766927683,2171.0,8.200666427612305,0.1450585126876831,-65.94915771484375,899.0,0.44338153503893213,3482102.254722424,0.3936493706315532,15.239396928396735,0.039296800930957075,0.0646559088687692,4500,2632,4,0
2026-08-16T13:11:27,cmp_legacy_adapter,9000,4444,0.6,0.6,1019.0248733302626,2171.0,8.264222145080566,0.14652371406555176,-66.45194244384766,899.0,0.44493882091212467,3494956.0326472507,0.3908270186392406,15.522972997383226,0.03924282415985332,0.06528568055682557,4500,2627,0,0
2026-08-16T13:13:07,cmp_legacy_adapter,9000,4444,0.6,0.6,1019.0248733302626,2171.0,8.264222145080566,0.14652371406555176,-66.45194244384766,899.0,0.44493882091212467,3494956.0326472507,0.3908270186392406,15.522972997383226,0.03924282415985332,0.06528568055682557,4500,2627,0,0
2026-08-16T13:15:03,cmp_legacy_adapter,9000,4444,0.6,0.6,1019.0248733302626,2171.0,8.264222145080566,0.14652371406555176,-66.45194244384766,899.0,0.44493882091212467,3494956.0326472507,0.3908270186392406,15.522972997383226,0.03924282415985332,0.06528568055682557,4500,2627,0,0
2026-08-16T13:16:47,cmp_legacy_adapter,9000,4444,0.6,0.6,1019.0248733302626,2171.0,8.264222145080566,0.14652371406555176,-66.45194244384766,899.0,0.44493882091212467,3494956.0326472507,0.3908270186392406,15.522972997383226,0.03924282415985332,0.06528568055682557,4500,2627,0,0
